Model,MSE,RMSE,R²
Simple Linear,10.855921288793319,3.2948325130108387,0.2319868674542107
Multiple Linear,4.841309846771574,2.2002976723097203,0.657496637813491
Polynomial (deg=2),0.02172485141304995,0.14739352568226988,0.9984630534116848
Ridge,4.84099934353571,2.2002271118081675,0.657518604678992
Lasso,4.835733389896932,2.1990301020897673,0.6578911498957793
